INSERT INTO academico_aluno (cpf, nome, "dataNascimento", sexo, cep) VALUES
('64610764920', 'AndréMarie Ampère', '01/02/1968', 'F', '5074100000'),
('16394607215', 'Archimedes', '07/06/1963', 'M', '5074100001'),
('00051448769', 'Aristotle', '18/12/1966', 'M', '5074100010'),
('78033713291', 'Amedeo Avogadro', '27/07/1983', 'M', '5074100011'),
('62748505204', 'Francis Bacon', '05/03/1978', 'M', '5074100100'),
('74658379287', 'Alexander Graham Bell', '21/10/1982', 'M', '5074100101'),
('30617618291', 'Boris Pavlovich Belousov', '23/05/1975', 'M', '5074100111'),
('22634657234', 'Daniel Bernoulli', '25/07/1967', 'M', '5074101000'),
('51364263220', 'Aage Bohr', '28/11/1979', 'M', '5074101001'),
('68324030204', 'Niels Bohr', '06/12/1980', 'M', '5074101010'),
('52915387672', 'Satyendra Nath Bose', '29/10/1963', 'F', '5074101011'),
('00258927208', 'Robert Boyle', '21/05/1990', 'M', '5074101100'),
('90821262734', 'Tycho Brahe', '08/04/1966', 'M', '5074101101'),
('18849539215', 'Santiago Ramón y Cajal', '03/10/1988', 'M', '5074101110'),
('51034247204', 'Erwin Chargaff', '24/02/1979', 'M', '5074101111'),
('68965320259', 'Arthur Compton', '13/05/1982', 'M', '5074110000'),
('34187561234', 'Nicolaus Copernicus', '13/01/1965', 'M', '5074110001'),
('98120549287', 'Francis Crick', '18/05/1960', 'M', '5074110010'),
('00644415207', 'Marie Curie', '02/02/1972', 'F', '5074110011'),
('70894850210', 'Pierre Curie', '10/01/1985', 'M', '5074110100'),
('70456674268', 'John Dalton', '03/09/1955', 'M', '5074110101'),
('43278671287', 'Charles Darwin', '03/09/1955', 'M', '5074110110'),
('34147390200', 'René Descartes', '28/04/1988', 'M', '5074110111'),
('98746804234', 'Thomas Edison', '19/10/1978', 'M', '5074111000'),
('37751271272', 'Albert Einstein', '29/04/1991', 'M', '5074111001'),
('46039260300', 'François Englert', '26/06/1994', 'M', '5074111010'),
('72281650200', 'Eratosthenes', '11/04/1988', 'M', '5074111011'),
('43341144234', 'Leonhard Paul Euler', '15/11/1984', 'M', '5074111100'),
('00784164266', 'Michael Faraday', '27/02/1982', 'M', '5074111101'),
('52985474272', 'Pierre de Fermat', '10/11/1970', 'M', '5074111110'),
('85726672291', 'Enrico Fermi', '13/03/1965', 'M', '5074111111'),
('51110695268', 'Richard Phillips Feynman', '27/10/1983', 'M', '5074100002'),
('50801791200', 'Fibonacci', '09/02/1973', 'M', '5074100020'),
('02521456233', 'Alexander Fleming', '30/12/1979', 'M', '5074100022'),
('95361359220', 'Benjamin Franklin', '21/12/1961', 'M', '5074100200'),
('60060123249', 'Rosalind Franklin', '29/07/1974', 'M', '5074100202'),
('90337891249', 'Alexander Friedmann', '07/07/1989', 'M', '5074100220'),
('62559699249', 'Galen', '03/11/1992', 'M', '5074100222'),
('22774785200', 'Galileo', '24/02/1969', 'M', '5074102000'),
('07184417291', 'Carl Friedrich Gauss', '16/04/1991', 'M', '5074102002'),
('69935351220', 'Murray GellMann', '23/02/1972', 'M', '5074102020'),
('76917568287', 'Willard Gibbs', '06/10/1990', 'M', '5074102022'),
('52902439253', 'Edmond Halley', '13/02/1991', 'M', '5074102200'),
('30178509272', 'Joseph Henry', '10/02/1977', 'M', '5074102202'),
('27125513204', 'Heinrich Hertz', '08/09/1982', 'M', '5074102220'),
('79190782291', 'Peter Higgs', '13/03/1972', 'M', '5074102220'),
('00013421263', 'Jack Horner', '26/11/1971', 'M', '5074102222'),
('18083919268', 'Edwin Hubble', '02/02/1990', 'M', '5074120000'),
('87430282253', 'James Hutton', '26/10/1972', 'M', '5074120002'),
('00337014230', 'Christiaan Huygens', '11/10/1971', 'M', '5074120020'),
('01108923216', 'Irene JoliotCurie', '29/01/1978', 'F', '5074120022'),
('97104132287', 'James Prescott Joule', '01/11/1973', 'M', '5074120200'),
('41514050200', 'Johannes Kepler', '05/12/1993', 'M', '5074120202'),
('28773993204', 'Pierre Simon Laplace', '19/10/1987', 'M', '5074120220'),
('03036095241', 'Antoine Lavoisier', '16/03/1987', 'M', '5074120222'),
('01571926364', 'Antonie van Leeuwenhoek', '25/01/1982', 'M', '5074122000'),
('34181954234', 'Gottfried Wilhelm Leibniz', '13/11/1983', 'M', '5074122002'),
('38864460268', 'Georges Lemaître', '31/01/1994', 'M', '5074122020'),
('57372110297', 'Carolus Linnaeus', '28/09/1988', 'M', '5074122022'),
('87639874491', 'Hendrik Antoon Lorentz', '11/10/1978', 'M', '5074122200'),
('53274105287', 'Ada Lovelace', '15/07/1988', 'F', '5074122202'),
('95874836268', 'Jane Marcet', '02/12/1974', 'M', '5074122220'),
('41534530215', 'James Clerk Maxwell', '16/06/1967', 'M', '5074122222'),
('30311942253', 'Barbara McClintock', '29/01/1958', 'F', '5074100003'),
('00646721232', 'Lise Meitner', '14/07/1981', 'F', '5074100030'),
('11346241740', 'Gregor Mendel', '10/09/1984', 'M', '5074100033'),
('66856213204', 'Dmitri Mendeleev', '28/08/1981', 'M', '5074100300'),
('80187145253', 'Henry Moseley', '08/02/1969', 'M', '5074100303'),
('89278003204', 'Isaac Newton', '29/12/1968', 'M', '5074100330'),
('70644381272', 'Emmy Noether', '29/05/1985', 'F','5074100333');

INSERT INTO academico_tipomatricula (id, tipo) VALUES
(1, 'Vestibular'),
(2, 'Transferência');

INSERT INTO academico_departamento (id, nome) VALUES
(1, 'Departamento de Ciências Exatas'),
(2, 'Departamento de Ciências Humanas'),
(3, 'Departamento de Ciências Biológicas');


INSERT INTO academico_professor (cfe, nome, "dataNascimento", sexo, cep, departamento_id) VALUES
('02027321268', 'Hans Christian Oersted', '30/09/1957', 'M', '5050075', 1),
('21876517204', 'Julius Robert Oppenheimer', '13/09/1987', 'M', '5050075', 1),
('01653295210', 'Louis Pasteur', '20/02/1989', 'M', '5050075', 1),
('26270331234', 'Linus Pauling', '14/09/1991', 'M', '5050075', 1),
('73302198272', 'Cecilia Payne', '14/09/1989', 'F', '5050075', 1),
('37637908291', 'Max Planck', '25/01/1968', 'M', '5050075', 1),
('22655611268', 'Boris Podolsky', '22/10/1969', 'M', '5050075', 1),
('43345506220', 'Pythagoras', '27/08/1995', 'M', '5050075', 1),
('41552261204', 'C V Raman', '13/07/1978', 'M', '5050075', 1),
('07298129287', 'Srinivasa Ramanujan', '30/04/1971', 'F', '5050075', 1),
('28695364291', 'Howard Percy Robertson', '02/08/1971', 'M', '5050075', 2),
('72956640259', 'Nathan Rosen', '10/02/1975', 'M', '5050075', 2),
('20993730272', 'Ernest Rutherford', '21/07/1975', 'M', '5050075', 2),
('18084869272', 'Karl Schwarzschild', '28/09/1973', 'M', '5050075', 2),
('34227512204', 'Gene Shoemaker', '27/02/1988', 'M', '5050075', 2),
('71810064287', 'Nikola Testa', '10/05/1973', 'M', '5050075', 2),
('22622446268', 'Thales of Miletus', '04/01/1970', 'M', '5050075', 2),
('58382950230', 'George Paget Thomson', '25/03/1994', 'M', '5050075', 2),
('99938782272', 'J J Thomson', '24/12/1988', 'M', '5050075', 3),
('70764832115', 'Alan Mathison Turing', '04/04/1979', 'M', '5050075', 1),
('88695735249', 'Harold Urey', '16/08/1985', 'M', '5050075', 3),
('52871053200', 'Andreas Vesalius', '19/07/1989', 'M', '5050075', 3),
('80200770225', 'Alessandro Volta', '09/12/1979', 'M', '5050075', 3),
('49897268715', 'Arthur Geoffrey Walker', '25/07/1950', 'M', '5050075', 3),
('77192982253', 'Alfred R Wallace', '26/06/1965', 'M', '5050075', 3),
('72251158200', 'James Watt', '13/12/1991', 'M', '5050075', 3),
('03847802291', 'Alfred Wegener', '06/12/1965', 'M', '5050075', 3),
('34184520278', 'ChenNing Yang', '10/10/1981', 'M', '5050075', 3),
('89176782204', 'Thomas Young', '13/12/1975', 'M', '5050075', 3),
('20859643204', 'Anatol Markovich Zhabotinsky', '28/05/1962', 'M', '5050075', 2);

INSERT INTO academico_curso (id, nome, creditos, "cargaHoraria", "cargaHorariaObrigatoria", departamento_id) VALUES
(1, 'Ciência da Computação', 100, 3000, 2500, 1),
(2, 'Engenharia Civil', 100, 3000, 2500, 1),
(3, 'Engenharia de Controle e Automação', 120, 3600, 2800, 1),
(4, 'Engenharia Cartográfica', 80, 3000, 2500, 1),
(5, 'Estatística', 100, 3000, 2500, 1),
(6, 'Matemática', 100, 3000, 2500, 1),
(7, 'Física', 100, 3000, 2500, 1),
(8, 'Engenharia Química', 100, 2800, 2200, 1),
(9, 'Química', 100, 3000, 2500, 1),
(10, 'Engenharia Mecânica', 100, 3000, 2500, 1),
(11, 'Administração', 80, 2800, 2200, 2),
(12, 'Direito', 100, 3000, 2500, 2),
(13, 'Psicologia', 70, 2500, 2200, 2),
(14, 'Filosofia', 70, 2500, 2200, 2),
(15, 'História', 90, 2500, 2200, 2),
(16, 'Geografia', 70, 2500, 2200, 2),
(17, 'Sociologia', 70, 2200, 2000, 2),
(18, 'Marketing', 70, 2200, 2000, 2),
(19, 'Arquitetura', 90, 2500, 2200, 2),
(20, 'Letras', 90, 2500, 2200, 2),
(21, 'Medicina', 100, 3000, 2500, 3),
(22, 'Biologia', 100, 3000, 2500, 3),
(23, 'Biomedicina', 100, 3000, 2500, 3),
(24, 'Educação Física', 100, 2800, 2200, 3),
(25, 'Fisioterapia', 100, 3000, 2500, 3),
(26, 'Terapia Ocupacional', 80, 2800, 2500, 3),
(27, 'Fonoldiologia', 100, 3000, 2500, 3),
(28, 'Enfermagem', 100, 3000, 2500, 3),
(29, 'Farmácia', 80, 3000, 2800, 3),
(30, 'Nutrição', 80, 2800, 2500, 3);


INSERT INTO academico_disciplina(id, nome, "cargaHoraria", creditos, departamento_id, professor_id) VALUES
(1, 'INTRODUCAO A PROGRAMACAO I', 60, 04, 1, '02027321268'),
(2, 'CALCULO DIF E INTEGRAL I', 60, 04, 1, '02027321268'),
(3, 'INTROD A CIENCIA DA COMPUTACAO', 60, 04, 1, '26270331234'),
(4, 'LOGICA MATEMATICA', 60, 04, 1, '02027321268'),
(5, 'PORTUGUES INSTRUMENTAL II', 60, 04, 1, '26270331234'),
(6, 'FIL E CONHECIMEN TECNOLOGICO', 60, 04, 1, '02027321268'),
(7, 'INTRODUCAO A PROGRAMACAO II', 060, 04, 1, '02027321268'),
(8, 'CALCULO DIF E INTEGRAL II', 060, 04, 1, '02027321268'),
(9, 'ELETRONICA BASICA', 090, 06, 1, '02027321268'),
(10, 'ALGEBRA LINEAR I', 060, 04, 1, '02027321268'),
(11, 'INGLES APLICADO A INFORMATICA', 060, 04, 1, '73302198272'),
(12, 'HUMANIDADE E TRANSCENDENCIA', 060, 04, 1, '26270331234'),
(13, 'ESTRUTURA DE DADOS I', 060, 04, 1, '73302198272'),
(14, 'CIRCUITOS DIGITAIS', 060, 04, 1, '73302198272'),
(15, 'MATEMATICA DISCRETA', 060, 04, 1, '73302198272'),
(16, 'ESTATISTICA E PROBABILIDADE', 060, 04, 1, '73302198272'),
(17, 'HUMANISMO E CIDADANIA', 060, 04, 1, '73302198272'),
(18, 'ESTRUTURA DE DADOS II', 060, 04, 1, '73302198272'),
(19, 'ARQ E ORG DE COMPUTADORES I', 060, 04, 1, '73302198272'),
(20, 'PROGRAMACAO ORIENTADA A OBJETO', 060, 04, 1, '73302198272'),
(21, 'PRATICA DE PROGRAMACAO', 060, 04, 1, '70764832115'),
(22, 'METODOS NUMERICOS', 060, 04, 1, '26270331234'),
(23, 'ARQ E ORG DE COMPUTADORES II', 060, 04, 1, '70764832115'),
(24, 'LINGUAGENS FORMAIS', 060, 04, 1, '70764832115'),
(25, 'INFORMATICA E ADMINISTRACAO', 060, 04, 1, '70764832115'),
(26, 'PARADIG DE LING DE PROGRAMACAO', 060, 04, 1, '70764832115'),
(27, 'GRAFOS', 060, 04, 1, '70764832115'),
(28, 'REDES DE COMPUTADORES I', 060, 04, 1, '70764832115'),
(29, 'SISTEMAS DE INFORMACAO', 060, 04, 1, '70764832115'),
(30, 'BANCO DE DADOS I', 060, 04, 1, '70764832115'),
(31, 'COMPILADORES', 060, 04, 1, '70764832115'),
(32, 'ANALISE DE ALGORITMOS', 060, 04, 1, '70764832115'),
(33, 'ENGENHARIA DE SOFTWARE', 060, 04, 1, '70764832115'),
(34, 'REDES DE COMPUTADORES II', 060, 04, 1, '70764832115'),
(35, 'SISTEMAS OPERACIONAIS I', 060, 04, 1, '70764832115'),
(36, 'BANCO DE DADOS II', 060, 04, 1, '70764832115'),
(37, 'COMPUTACAO GRAFICA', 060, 04, 1, '70764832115'),
(38, 'SISTEMAS OPERACIONAIS II', 060, 04, 1, '70764832115'),
(39, 'ANALISE E PROJETO DE SISTEMAS', 060, 04, 1, '70764832115'),
(40, 'SISTEMAS DISTRIBUIDOS', 060, 04, 1, '70764832115'),
(41, 'SISTEMAS MULTIMIDIA', 060, 04, 1, '70764832115'),
(42, 'ELETIVA DO CURSO DE QUATRO CR', 060, 04, 1, '70764832115'),
(43, 'INTELIGENCIA ARTIFICIAL', 060, 04, 1, '70764832115'),
(44, 'TRABALHO DE CONCLUSAO DE CURSO', 240, 16, 1, '26270331234'),
(45, 'ELETIVA DO CURSO DE QUATRO CR', 060, 04, 1, '26270331234'),
(46, 'ELETIVA DO CURSO DE QUATRO CR', 060, 04, 1, '26270331234'),
(47, 'INFORMATICA E SOCIEDADE', 060, 04, 1, '26270331234'),
(48, 'ESTAGIO', 240, 16, 1, '26270331234');

INSERT INTO academico_prerequisito (id, disciplina_id, "preRequisito_id") VALUES
(1, 7, 1),
(2, 13, 7),
(3, 14, 4),
(4, 15, 8),
(5, 16, 2),
(6, 18, 13),
(7, 19, 14),
(8, 19, 13),
(9, 20, 13),
(10, 21, 13),
(11, 22, 8),
(12, 23, 19),
(13, 24, 4),
(14, 26, 20),
(15, 27, 13),
(16, 28, 23),
(17, 29, 25),
(18, 30, 18),
(19, 31, 24),
(20, 32, 18),
(21, 33, 29),
(22, 34, 28),
(23, 35, 23),
(24, 36, 30),
(25, 37, 10),
(26, 38, 35),
(27, 39, 33),
(28, 40, 34),
(29, 41, 28),
(30, 43, 20),
(31, 44, 34),
(32, 48, 21);


INSERT INTO academico_disciplinacurso(id, obrigatoria, curso_id, disciplina_id) VALUES
(1, true, 1, 1),
(2, true, 1, 2),
(3, true, 1, 3),
(4, true, 1, 4),
(5, true, 1, 5),
(6, true, 1, 6),
(7, true, 1, 7),
(8, true, 1, 8),
(9, true, 1, 9),
(10, true, 1, 10),
(11, true, 1, 11),
(12, true, 1, 12),
(13, true, 1, 13),
(14, true, 1, 14),
(15, true, 1, 15),
(16, true, 1, 16),
(17, true, 1, 17),
(18, true, 1, 18),
(19, true, 1, 19),
(20, true, 1, 20),
(21, true, 1, 21),
(22, true, 1, 22),
(23, true, 1, 23),
(24, true, 1, 24),
(25, true, 1, 25),
(26, true, 1, 26),
(27, true, 1, 27),
(28, true, 1, 28),
(29, true, 1, 29),
(30, true, 1, 30),
(31, true, 1, 31),
(32, true, 1, 32),
(33, true, 1, 33),
(34, true, 1, 34),
(35, true, 1, 35),
(36, true, 1, 36),
(37, true, 1, 37),
(38, true, 1, 38),
(39, true, 1, 39),
(40, true, 1, 40),
(41, true, 1, 41),
(42, false, 1, 42),
(43, true, 1, 43),
(44, true, 1, 44),
(45, false, 1, 45),
(46, false, 1, 46),
(47, true, 1, 47),
(48, true, 1, 48);



INSERT INTO academico_matricula (matricula, "dataAdmissao", cpf_id, curso_id, "tipoMatricula_id") VALUES
('64610764920', '31/10/2018','64610764920', 1, 1),
('16394607215', '31/10/2018','16394607215', 1, 1),
('00051448769', '31/10/2018','00051448769', 1, 1),
('78033713291', '31/10/2018', '78033713291', 1, 1),
('62748505204', '31/10/2018', '62748505204', 1, 1),
('74658379287', '31/10/2018', '74658379287', 1, 1),
('30617618291', '31/10/2018', '30617618291', 1, 1),
('22634657234', '31/10/2018', '22634657234', 1, 1),
('51364263220', '31/10/2018', '51364263220', 1, 1),
('68324030204', '31/10/2018', '68324030204', 1, 1),
('52915387672', '31/10/2018', '52915387672', 1, 1),
('00258927208', '31/10/2018', '00258927208', 1, 1),
('90821262734', '31/10/2018', '90821262734', 1, 1),
('18849539215', '31/10/2018', '18849539215', 1, 1),
('51034247204', '31/10/2018', '51034247204', 1, 1),
('68965320259', '31/10/2018', '68965320259', 1, 1),
('34187561234', '31/10/2018', '34187561234', 1, 1),
('98120549287', '31/10/2018', '98120549287', 1, 1),
('00644415207', '31/10/2018', '00644415207', 1, 1),
('70894850210', '31/10/2018', '70894850210', 1, 1),
('70456674268', '31/10/2018', '70456674268', 1, 1),
('43278671287', '31/10/2018', '43278671287', 1, 1),
('34147390200', '31/10/2018', '34147390200', 1, 1),
('98746804234', '31/10/2018', '98746804234', 1, 1),
('37751271272', '31/10/2018', '37751271272', 1, 1),
('46039260300', '31/10/2018', '46039260300', 1, 1),
('72281650200', '31/10/2018', '72281650200', 1, 1),
('43341144234', '31/10/2018', '43341144234', 1, 1),
('00784164266', '31/10/2018', '00784164266', 1, 1),
('52985474272', '31/10/2018', '52985474272', 1, 1),
('85726672291', '31/10/2018', '85726672291', 1, 1),
('51110695268', '31/10/2018', '51110695268', 2, 1),
('50801791200', '31/10/2018', '50801791200', 2, 1),
('02521456233', '31/10/2018', '02521456233', 2, 1),
('95361359220', '31/10/2018', '95361359220', 2, 1),
('60060123249', '31/10/2018', '60060123249', 2, 1),
('90337891249', '31/10/2018', '90337891249', 2, 1),
('62559699249', '31/10/2018', '62559699249', 2, 1),
('22774785200', '31/10/2018', '22774785200', 2, 1),
('07184417291', '31/10/2018', '07184417291', 19, 1),
('69935351220', '31/10/2018', '69935351220', 19, 1),
('76917568287', '31/10/2018', '76917568287', 19, 1),
('52902439253', '31/10/2018', '52902439253', 19, 1),
('30178509272', '31/10/2018', '30178509272', 19, 1),
('27125513204', '31/10/2018', '27125513204', 19, 1),
('79190782291', '31/10/2018', '79190782291', 19, 1),
('00013421263', '31/10/2018', '00013421263', 19, 1),
('18083919268', '31/10/2018', '18083919268', 19, 1),
('87430282253', '31/10/2018', '87430282253', 19, 1),
('00337014230', '31/10/2018', '00337014230', 3, 1),
('01108923216', '31/10/2018', '01108923216', 4, 1),
('97104132287', '31/10/2018', '97104132287', 5, 1),
('41514050200', '31/10/2018', '41514050200', 6, 1),
('28773993204', '31/10/2018', '28773993204', 7, 1),
('03036095241', '31/10/2018', '03036095241', 7, 1),
('01571926364', '31/10/2018', '01571926364', 8, 1),
('34181954234', '31/10/2018', '34181954234', 8, 1),
('38864460268', '31/10/2018', '38864460268', 8, 1),
('57372110297', '31/10/2018', '57372110297', 8, 1),
('87639874491', '31/10/2018', '87639874491', 8, 1),
('53274105287', '31/10/2018', '53274105287', 9, 1),
('95874836268', '31/10/2018', '95874836268', 9, 1),
('41534530215', '31/10/2018', '41534530215', 21, 1),
('30311942253', '31/10/2018', '30311942253', 21, 1),
('00646721232', '31/10/2018', '00646721232', 21, 1),
('11346241740', '31/10/2018', '11346241740', 21, 1),
('66856213204', '31/10/2018', '66856213204', 21, 1),
('80187145253', '31/10/2018', '80187145253', 21, 1),
('89278003204', '31/10/2018', '89278003204', 21, 1),
('70644381272', '31/10/2018', '70644381272', 21, 1);


INSERT INTO academico_periodo (semestre) VALUES
('2015.1'),
('2015.2'),
('2016.1'),
('2016.2'),
('2017.1'),
('2017.2'),
('2018.1'),
('2018.2'),
('2019.1');
